time,nodeId,temperature,humidity,status,ml_label,event_id,event_state,source,agree
2026-09-23 14:00:00,dorm-a,25,60,正常,,,,构造样本,
2026-09-23 14:05:00,dorm-a,31,60,偏热,,dorm-a-20260923-140500,OPEN,构造样本,
2026-09-23 14:10:00,dorm-a,33,58,偏热,,dorm-a-20260923-140500,OPEN,构造样本,
2026-09-23 14:15:00,dorm-a,32,61,偏热,,dorm-a-20260923-140500,HANDLING,构造样本,
2026-09-23 14:20:00,dorm-a,26,60,正常,,dorm-a-20260923-140500,HANDLING,构造样本,
2026-09-23 14:25:00,dorm-a,25,59,正常,,dorm-a-20260923-140500,RECOVERED,构造样本,
2026-09-23 14:00:00,dorm-b,25,80,偏湿,,,,构造样本,
2026-09-23 14:05:00,dorm-b,26,82,偏湿,,dorm-b-20260923-140500,OPEN,构造样本,
2026-09-23 14:10:00,dorm-b,24,79,偏湿,,dorm-b-20260923-140500,OPEN,构造样本,
2026-09-23 14:15:00,dorm-b,25,77,偏湿,,dorm-b-20260923-140500,HANDLING,构造样本,
2026-09-23 14:20:00,dorm-b,25,74,正常,,dorm-b-20260923-140500,RECOVERED,构造样本,
2026-09-23 14:05:00,dorm-c,16,60,偏冷,,,,构造样本,
2026-09-23 14:10:00,dorm-c,17,62,偏冷,,dorm-c-20260923-140500,OPEN,构造样本,
2026-09-23 14:15:00,dorm-c,19,60,正常,,dorm-c-20260923-140500,RECOVERED,构造样本,
2026-09-24 09:00:00,dorm-a,25,60,正常,normal,,,构造样本,yes
2026-09-24 09:05:00,dorm-a,25,61,正常,abnormal,,,构造样本,no
2026-09-24 09:10:00,dorm-b,25,80,偏湿,normal,,,构造样本,no
