nodeId,time,temperature,humidity,status,source
dorm-a,2026-09-22 00:00:00,23.5,57.6,正常,模拟
dorm-b,2026-09-22 00:00:00,23.8,62.2,正常,模拟
dorm-c,2026-09-22 00:00:00,23.4,54.6,正常,模拟
dorm-a,2026-09-22 00:05:00,23.1,58.6,正常,模拟
dorm-b,2026-09-22 00:05:00,22.7,62.6,正常,模拟
dorm-c,2026-09-22 00:05:00,22.6,63.1,正常,模拟
dorm-a,2026-09-22 00:10:00,23.5,54.4,正常,模拟
dorm-b,2026-09-22 00:10:00,22.6,56.2,正常,模拟
dorm-c,2026-09-22 00:10:00,24.9,60.0,正常,模拟
dorm-a,2026-09-22 00:15:00,23.6,63.7,正常,模拟
dorm-b,2026-09-22 00:15:00,22.8,58.3,正常,模拟
dorm-c,2026-09-22 00:15:00,24.5,61.3,正常,模拟
dorm-a,2026-09-22 00:20:00,24.2,61.0,正常,模拟
dorm-b,2026-09-22 00:20:00,23.3,62.0,正常,模拟
dorm-c,2026-09-22 00:20:00,22.9,54.9,正常,模拟
dorm-a,2026-09-22 00:25:00,23.7,57.3,正常,模拟
dorm-b,2026-09-22 00:25:00,22.2,57.6,正常,模拟
dorm-c,2026-09-22 00:25:00,24.4,60.8,正常,模拟
dorm-a,2026-09-22 00:30:00,23.2,53.3,正常,模拟
dorm-b,2026-09-22 00:30:00,23.0,55.5,正常,模拟
dorm-c,2026-09-22 00:30:00,23.8,62.4,正常,模拟
dorm-a,2026-09-22 00:35:00,22.6,61.5,正常,模拟
dorm-b,2026-09-22 00:35:00,22.9,62.4,正常,模拟
dorm-c,2026-09-22 00:35:00,25.0,54.8,正常,模拟
dorm-a,2026-09-22 00:40:00,23.7,59.9,正常,模拟
dorm-b,2026-09-22 00:40:00,22.6,58.7,正常,模拟
dorm-c,2026-09-22 00:40:00,23.1,60.2,正常,模拟
dorm-a,2026-09-22 00:45:00,23.9,61.2,正常,模拟
dorm-b,2026-09-22 00:45:00,24.0,54.9,正常,模拟
dorm-c,2026-09-22 00:45:00,24.2,61.3,正常,模拟
dorm-a,2026-09-22 00:50:00,22.6,54.2,正常,模拟
dorm-b,2026-09-22 00:50:00,23.6,61.6,正常,模拟
dorm-c,2026-09-22 00:50:00,22.2,56.9,正常,模拟
dorm-a,2026-09-22 00:55:00,24.8,62.4,正常,模拟
dorm-b,2026-09-22 00:55:00,25.0,52.7,正常,模拟
dorm-c,2026-09-22 00:55:00,23.4,57.3,正常,模拟
dorm-a,2026-09-22 01:00:00,23.0,53.5,正常,模拟
dorm-b,2026-09-22 01:00:00,22.7,59.7,正常,模拟
dorm-c,2026-09-22 01:00:00,22.7,62.5,正常,模拟
dorm-a,2026-09-22 01:05:00,23.5,53.0,正常,模拟
dorm-b,2026-09-22 01:05:00,24.9,60.0,正常,模拟
dorm-c,2026-09-22 01:05:00,23.1,58.7,正常,模拟
dorm-a,2026-09-22 01:10:00,23.0,56.5,正常,模拟
dorm-b,2026-09-22 01:10:00,23.8,60.4,正常,模拟
dorm-c,2026-09-22 01:10:00,24.8,57.6,正常,模拟
dorm-a,2026-09-22 01:15:00,22.2,53.8,正常,模拟
dorm-b,2026-09-22 01:15:00,24.2,62.5,正常,模拟
dorm-c,2026-09-22 01:15:00,24.7,54.3,正常,模拟
dorm-a,2026-09-22 01:20:00,22.5,61.6,正常,模拟
dorm-b,2026-09-22 01:20:00,22.5,58.7,正常,模拟
dorm-c,2026-09-22 01:20:00,22.6,52.9,正常,模拟
dorm-a,2026-09-22 01:25:00,24.6,61.7,正常,模拟
dorm-b,2026-09-22 01:25:00,23.5,58.3,正常,模拟
dorm-c,2026-09-22 01:25:00,24.9,62.2,正常,模拟
dorm-a,2026-09-22 01:30:00,23.7,52.4,正常,模拟
dorm-b,2026-09-22 01:30:00,23.1,55.9,正常,模拟
dorm-c,2026-09-22 01:30:00,22.4,52.8,正常,模拟
dorm-a,2026-09-22 01:35:00,22.9,57.4,正常,模拟
dorm-b,2026-09-22 01:35:00,24.1,62.4,正常,模拟
dorm-c,2026-09-22 01:35:00,22.9,63.9,正常,模拟
dorm-a,2026-09-22 01:40:00,24.4,54.1,正常,模拟
dorm-b,2026-09-22 01:40:00,24.5,55.3,正常,模拟
dorm-c,2026-09-22 01:40:00,24.6,60.4,正常,模拟
dorm-a,2026-09-22 01:45:00,24.4,61.9,正常,模拟
dorm-b,2026-09-22 01:45:00,24.8,61.8,正常,模拟
dorm-c,2026-09-22 01:45:00,23.1,52.6,正常,模拟
dorm-a,2026-09-22 01:50:00,22.6,63.0,正常,模拟
dorm-b,2026-09-22 01:50:00,23.9,61.1,正常,模拟
dorm-c,2026-09-22 01:50:00,23.0,52.6,正常,模拟
dorm-a,2026-09-22 01:55:00,22.3,57.9,正常,模拟
dorm-b,2026-09-22 01:55:00,23.3,59.7,正常,模拟
dorm-c,2026-09-22 01:55:00,24.7,54.3,正常,模拟
dorm-a,2026-09-22 02:00:00,22.4,56.2,正常,模拟
dorm-b,2026-09-22 02:00:00,23.3,61.8,正常,模拟
dorm-c,2026-09-22 02:00:00,22.1,61.5,正常,模拟
dorm-a,2026-09-22 02:05:00,23.2,53.3,正常,模拟
dorm-b,2026-09-22 02:05:00,24.5,54.4,正常,模拟
dorm-c,2026-09-22 02:05:00,22.5,52.5,正常,模拟
dorm-a,2026-09-22 02:10:00,23.7,56.1,正常,模拟
dorm-b,2026-09-22 02:10:00,24.1,56.2,正常,模拟
dorm-c,2026-09-22 02:10:00,22.1,52.5,正常,模拟
dorm-a,2026-09-22 02:15:00,24.9,56.3,正常,模拟
dorm-b,2026-09-22 02:15:00,23.3,63.3,正常,模拟
dorm-c,2026-09-22 02:15:00,22.7,63.5,正常,模拟
dorm-a,2026-09-22 02:20:00,24.4,58.2,正常,模拟
dorm-b,2026-09-22 02:20:00,24.9,55.6,正常,模拟
dorm-c,2026-09-22 02:20:00,23.0,60.3,正常,模拟
dorm-a,2026-09-22 02:25:00,24.1,60.4,正常,模拟
dorm-b,2026-09-22 02:25:00,23.8,61.0,正常,模拟
dorm-c,2026-09-22 02:25:00,24.4,63.0,正常,模拟
dorm-a,2026-09-22 02:30:00,22.8,55.6,正常,模拟
dorm-b,2026-09-22 02:30:00,22.8,59.8,正常,模拟
dorm-c,2026-09-22 02:30:00,22.6,52.5,正常,模拟
dorm-a,2026-09-22 02:35:00,23.5,56.2,正常,模拟
dorm-b,2026-09-22 02:35:00,22.9,52.2,正常,模拟
dorm-c,2026-09-22 02:35:00,23.9,60.5,正常,模拟
dorm-a,2026-09-22 02:40:00,23.3,54.1,正常,模拟
dorm-b,2026-09-22 02:40:00,23.7,62.9,正常,模拟
dorm-c,2026-09-22 02:40:00,23.7,61.3,正常,模拟
dorm-a,2026-09-22 02:45:00,23.5,55.1,正常,模拟
dorm-b,2026-09-22 02:45:00,24.9,62.4,正常,模拟
dorm-c,2026-09-22 02:45:00,23.2,62.5,正常,模拟
dorm-a,2026-09-22 02:50:00,24.8,61.0,正常,模拟
dorm-b,2026-09-22 02:50:00,24.0,53.0,正常,模拟
dorm-c,2026-09-22 02:50:00,23.8,59.9,正常,模拟
dorm-a,2026-09-22 02:55:00,24.3,62.2,正常,模拟
dorm-b,2026-09-22 02:55:00,23.4,53.1,正常,模拟
dorm-c,2026-09-22 02:55:00,24.9,55.2,正常,模拟
dorm-a,2026-09-22 03:00:00,23.3,56.4,正常,模拟
dorm-b,2026-09-22 03:00:00,22.4,62.2,正常,模拟
dorm-c,2026-09-22 03:00:00,23.8,60.1,正常,模拟
dorm-a,2026-09-22 03:05:00,22.2,53.3,正常,模拟
dorm-b,2026-09-22 03:05:00,24.3,56.6,正常,模拟
dorm-c,2026-09-22 03:05:00,25.0,60.6,正常,模拟
dorm-a,2026-09-22 03:10:00,23.8,57.7,正常,模拟
dorm-b,2026-09-22 03:10:00,22.0,58.6,正常,模拟
dorm-c,2026-09-22 03:10:00,24.9,62.4,正常,模拟
dorm-a,2026-09-22 03:15:00,24.9,52.8,正常,模拟
dorm-b,2026-09-22 03:15:00,23.0,54.1,正常,模拟
dorm-c,2026-09-22 03:15:00,22.6,58.2,正常,模拟
dorm-a,2026-09-22 03:20:00,22.3,58.3,正常,模拟
dorm-b,2026-09-22 03:20:00,23.9,60.7,正常,模拟
dorm-c,2026-09-22 03:20:00,23.2,59.1,正常,模拟
dorm-a,2026-09-22 03:25:00,22.6,56.6,正常,模拟
dorm-b,2026-09-22 03:25:00,23.9,52.2,正常,模拟
dorm-c,2026-09-22 03:25:00,24.8,61.7,正常,模拟
dorm-a,2026-09-22 03:30:00,24.1,60.7,正常,模拟
dorm-b,2026-09-22 03:30:00,22.2,60.7,正常,模拟
dorm-c,2026-09-22 03:30:00,23.4,52.1,正常,模拟
dorm-a,2026-09-22 03:35:00,23.1,60.6,正常,模拟
dorm-b,2026-09-22 03:35:00,24.7,55.1,正常,模拟
dorm-c,2026-09-22 03:35:00,24.1,61.0,正常,模拟
dorm-a,2026-09-22 03:40:00,23.3,54.3,正常,模拟
dorm-b,2026-09-22 03:40:00,24.3,57.2,正常,模拟
dorm-c,2026-09-22 03:40:00,24.4,60.3,正常,模拟
dorm-a,2026-09-22 03:45:00,23.5,57.7,正常,模拟
dorm-b,2026-09-22 03:45:00,22.3,62.7,正常,模拟
dorm-c,2026-09-22 03:45:00,25.0,58.6,正常,模拟
dorm-a,2026-09-22 03:50:00,23.5,58.4,正常,模拟
dorm-b,2026-09-22 03:50:00,22.1,55.8,正常,模拟
dorm-c,2026-09-22 03:50:00,23.7,54.9,正常,模拟
dorm-a,2026-09-22 03:55:00,23.6,54.6,正常,模拟
dorm-b,2026-09-22 03:55:00,24.0,55.1,正常,模拟
dorm-c,2026-09-22 03:55:00,22.6,55.0,正常,模拟
dorm-a,2026-09-22 04:00:00,22.9,58.7,正常,模拟
dorm-b,2026-09-22 04:00:00,23.1,54.5,正常,模拟
dorm-c,2026-09-22 04:00:00,22.3,57.2,正常,模拟
dorm-a,2026-09-22 04:05:00,24.0,59.7,正常,模拟
dorm-b,2026-09-22 04:05:00,24.9,63.1,正常,模拟
dorm-c,2026-09-22 04:05:00,24.1,58.7,正常,模拟
dorm-a,2026-09-22 04:10:00,23.5,55.1,正常,模拟
dorm-b,2026-09-22 04:10:00,24.4,58.1,正常,模拟
dorm-c,2026-09-22 04:10:00,22.6,59.7,正常,模拟
dorm-a,2026-09-22 04:15:00,24.6,54.1,正常,模拟
dorm-b,2026-09-22 04:15:00,22.0,53.4,正常,模拟
dorm-c,2026-09-22 04:15:00,23.3,60.2,正常,模拟
dorm-a,2026-09-22 04:20:00,22.3,58.8,正常,模拟
dorm-b,2026-09-22 04:20:00,22.9,61.8,正常,模拟
dorm-c,2026-09-22 04:20:00,23.2,56.7,正常,模拟
dorm-a,2026-09-22 04:25:00,22.7,62.5,正常,模拟
dorm-b,2026-09-22 04:25:00,24.5,57.6,正常,模拟
dorm-c,2026-09-22 04:25:00,23.5,59.1,正常,模拟
dorm-a,2026-09-22 04:30:00,22.8,55.5,正常,模拟
dorm-b,2026-09-22 04:30:00,23.2,56.1,正常,模拟
dorm-c,2026-09-22 04:30:00,24.8,62.7,正常,模拟
dorm-a,2026-09-22 04:35:00,23.5,60.3,正常,模拟
dorm-b,2026-09-22 04:35:00,22.3,56.7,正常,模拟
dorm-c,2026-09-22 04:35:00,22.7,60.2,正常,模拟
dorm-a,2026-09-22 04:40:00,22.1,61.1,正常,模拟
dorm-b,2026-09-22 04:40:00,22.1,52.8,正常,模拟
dorm-c,2026-09-22 04:40:00,22.3,52.5,正常,模拟
dorm-a,2026-09-22 04:45:00,22.1,52.6,正常,模拟
dorm-b,2026-09-22 04:45:00,24.6,57.6,正常,模拟
dorm-c,2026-09-22 04:45:00,24.9,63.9,正常,模拟
dorm-a,2026-09-22 04:50:00,23.3,63.7,正常,模拟
dorm-b,2026-09-22 04:50:00,23.0,54.0,正常,模拟
dorm-c,2026-09-22 04:50:00,22.3,56.1,正常,模拟
dorm-a,2026-09-22 04:55:00,24.6,56.6,正常,模拟
dorm-b,2026-09-22 04:55:00,23.9,63.3,正常,模拟
dorm-c,2026-09-22 04:55:00,24.4,58.5,正常,模拟
dorm-a,2026-09-22 05:00:00,22.1,55.5,正常,模拟
dorm-b,2026-09-22 05:00:00,24.5,60.5,正常,模拟
dorm-c,2026-09-22 05:00:00,23.4,56.1,正常,模拟
dorm-a,2026-09-22 05:05:00,24.2,62.5,正常,模拟
dorm-b,2026-09-22 05:05:00,24.7,57.3,正常,模拟
dorm-c,2026-09-22 05:05:00,23.4,55.7,正常,模拟
dorm-a,2026-09-22 05:10:00,24.1,58.6,正常,模拟
dorm-b,2026-09-22 05:10:00,22.5,60.8,正常,模拟
dorm-c,2026-09-22 05:10:00,25.0,54.1,正常,模拟
dorm-a,2026-09-22 05:15:00,23.5,59.7,正常,模拟
dorm-b,2026-09-22 05:15:00,23.7,54.5,正常,模拟
dorm-c,2026-09-22 05:15:00,23.8,57.3,正常,模拟
dorm-a,2026-09-22 05:20:00,23.1,58.8,正常,模拟
dorm-b,2026-09-22 05:20:00,22.4,53.0,正常,模拟
dorm-c,2026-09-22 05:20:00,22.0,63.0,正常,模拟
dorm-a,2026-09-22 05:25:00,25.0,57.2,正常,模拟
dorm-b,2026-09-22 05:25:00,22.9,63.7,正常,模拟
dorm-c,2026-09-22 05:25:00,23.3,52.7,正常,模拟
dorm-a,2026-09-22 05:30:00,24.4,58.0,正常,模拟
dorm-b,2026-09-22 05:30:00,22.6,53.0,正常,模拟
dorm-c,2026-09-22 05:30:00,24.3,57.8,正常,模拟
dorm-a,2026-09-22 05:35:00,23.6,61.4,正常,模拟
dorm-b,2026-09-22 05:35:00,22.6,52.7,正常,模拟
dorm-c,2026-09-22 05:35:00,22.2,53.3,正常,模拟
dorm-a,2026-09-22 05:40:00,24.2,57.3,正常,模拟
dorm-b,2026-09-22 05:40:00,22.3,54.0,正常,模拟
dorm-c,2026-09-22 05:40:00,23.8,53.7,正常,模拟
dorm-a,2026-09-22 05:45:00,22.5,62.3,正常,模拟
dorm-b,2026-09-22 05:45:00,23.6,62.6,正常,模拟
dorm-c,2026-09-22 05:45:00,24.6,53.5,正常,模拟
dorm-a,2026-09-22 05:50:00,22.7,54.6,正常,模拟
dorm-b,2026-09-22 05:50:00,23.4,53.4,正常,模拟
dorm-c,2026-09-22 05:50:00,24.9,57.1,正常,模拟
dorm-a,2026-09-22 05:55:00,24.6,53.0,正常,模拟
dorm-b,2026-09-22 05:55:00,23.3,54.5,正常,模拟
dorm-c,2026-09-22 05:55:00,24.6,56.2,正常,模拟
dorm-a,2026-09-22 06:00:00,22.5,54.0,正常,模拟
dorm-b,2026-09-22 06:00:00,22.7,56.7,正常,模拟
dorm-c,2026-09-22 06:00:00,22.6,52.3,正常,模拟
dorm-a,2026-09-22 06:05:00,24.9,55.8,正常,模拟
dorm-b,2026-09-22 06:05:00,24.4,63.0,正常,模拟
dorm-c,2026-09-22 06:05:00,23.3,56.8,正常,模拟
dorm-a,2026-09-22 06:10:00,24.8,57.1,正常,模拟
dorm-b,2026-09-22 06:10:00,24.6,57.0,正常,模拟
dorm-c,2026-09-22 06:10:00,24.8,57.2,正常,模拟
dorm-a,2026-09-22 06:15:00,22.3,60.9,正常,模拟
dorm-b,2026-09-22 06:15:00,22.9,53.9,正常,模拟
dorm-c,2026-09-22 06:15:00,23.3,54.5,正常,模拟
dorm-a,2026-09-22 06:20:00,22.8,52.8,正常,模拟
dorm-b,2026-09-22 06:20:00,24.6,56.0,正常,模拟
dorm-c,2026-09-22 06:20:00,24.3,63.4,正常,模拟
dorm-a,2026-09-22 06:25:00,23.8,59.7,正常,模拟
dorm-b,2026-09-22 06:25:00,22.9,56.4,正常,模拟
dorm-c,2026-09-22 06:25:00,24.0,62.8,正常,模拟
dorm-a,2026-09-22 06:30:00,22.9,53.4,正常,模拟
dorm-b,2026-09-22 06:30:00,22.3,53.3,正常,模拟
dorm-c,2026-09-22 06:30:00,23.5,60.4,正常,模拟
dorm-a,2026-09-22 06:35:00,23.4,54.0,正常,模拟
dorm-b,2026-09-22 06:35:00,22.5,54.0,正常,模拟
dorm-c,2026-09-22 06:35:00,23.2,52.6,正常,模拟
dorm-a,2026-09-22 06:40:00,24.2,53.1,正常,模拟
dorm-b,2026-09-22 06:40:00,22.0,55.7,正常,模拟
dorm-c,2026-09-22 06:40:00,24.8,53.1,正常,模拟
dorm-a,2026-09-22 06:45:00,22.4,58.1,正常,模拟
dorm-b,2026-09-22 06:45:00,22.5,56.9,正常,模拟
dorm-c,2026-09-22 06:45:00,24.3,52.3,正常,模拟
dorm-a,2026-09-22 06:50:00,22.7,56.9,正常,模拟
dorm-b,2026-09-22 06:50:00,22.4,52.7,正常,模拟
dorm-c,2026-09-22 06:50:00,23.4,53.0,正常,模拟
dorm-a,2026-09-22 06:55:00,23.8,63.9,正常,模拟
dorm-b,2026-09-22 06:55:00,24.1,58.9,正常,模拟
dorm-c,2026-09-22 06:55:00,22.8,55.3,正常,模拟
dorm-a,2026-09-22 07:00:00,24.6,60.6,正常,模拟
dorm-b,2026-09-22 07:00:00,24.2,53.3,正常,模拟
dorm-c,2026-09-22 07:00:00,24.6,61.9,正常,模拟
dorm-a,2026-09-22 07:05:00,23.1,55.2,正常,模拟
dorm-b,2026-09-22 07:05:00,23.7,62.5,正常,模拟
dorm-c,2026-09-22 07:05:00,23.4,59.1,正常,模拟
dorm-a,2026-09-22 07:10:00,23.1,53.6,正常,模拟
dorm-b,2026-09-22 07:10:00,22.2,63.2,正常,模拟
dorm-c,2026-09-22 07:10:00,23.1,63.5,正常,模拟
dorm-a,2026-09-22 07:15:00,22.9,54.6,正常,模拟
dorm-b,2026-09-22 07:15:00,22.0,62.9,正常,模拟
dorm-c,2026-09-22 07:15:00,24.9,60.2,正常,模拟
dorm-a,2026-09-22 07:20:00,25.0,55.4,正常,模拟
dorm-b,2026-09-22 07:20:00,23.7,57.0,正常,模拟
dorm-c,2026-09-22 07:20:00,24.6,57.7,正常,模拟
dorm-a,2026-09-22 07:25:00,22.8,54.3,正常,模拟
dorm-b,2026-09-22 07:25:00,24.3,62.8,正常,模拟
dorm-c,2026-09-22 07:25:00,23.9,58.6,正常,模拟
dorm-a,2026-09-22 07:30:00,24.5,61.6,正常,模拟
dorm-b,2026-09-22 07:30:00,23.3,61.9,正常,模拟
dorm-c,2026-09-22 07:30:00,22.9,54.3,正常,模拟
dorm-a,2026-09-22 07:35:00,24.6,58.9,正常,模拟
dorm-b,2026-09-22 07:35:00,24.4,54.1,正常,模拟
dorm-c,2026-09-22 07:35:00,23.3,53.5,正常,模拟
dorm-a,2026-09-22 07:40:00,23.6,59.7,正常,模拟
dorm-b,2026-09-22 07:40:00,23.8,53.0,正常,模拟
dorm-c,2026-09-22 07:40:00,22.1,54.6,正常,模拟
dorm-a,2026-09-22 07:45:00,23.5,54.0,正常,模拟
dorm-b,2026-09-22 07:45:00,22.7,52.2,正常,模拟
dorm-c,2026-09-22 07:45:00,22.7,52.3,正常,模拟
dorm-a,2026-09-22 07:50:00,23.2,61.3,正常,模拟
dorm-b,2026-09-22 07:50:00,22.5,60.8,正常,模拟
dorm-c,2026-09-22 07:50:00,23.9,53.0,正常,模拟
dorm-a,2026-09-22 07:55:00,24.8,61.6,正常,模拟
dorm-b,2026-09-22 07:55:00,23.6,52.3,正常,模拟
dorm-c,2026-09-22 07:55:00,24.9,56.5,正常,模拟
dorm-a,2026-09-22 08:00:00,24.9,58.5,正常,模拟
dorm-b,2026-09-22 08:00:00,24.1,58.7,正常,模拟
dorm-c,2026-09-22 08:00:00,22.6,60.4,正常,模拟
dorm-a,2026-09-22 08:05:00,24.1,53.2,正常,模拟
dorm-b,2026-09-22 08:05:00,22.8,58.9,正常,模拟
dorm-c,2026-09-22 08:05:00,24.3,63.3,正常,模拟
dorm-a,2026-09-22 08:10:00,24.7,60.8,正常,模拟
dorm-b,2026-09-22 08:10:00,22.9,61.4,正常,模拟
dorm-c,2026-09-22 08:10:00,24.7,62.9,正常,模拟
dorm-a,2026-09-22 08:15:00,23.8,62.3,正常,模拟
dorm-b,2026-09-22 08:15:00,22.4,62.4,正常,模拟
dorm-c,2026-09-22 08:15:00,23.1,52.7,正常,模拟
dorm-a,2026-09-22 08:20:00,23.6,57.6,正常,模拟
dorm-b,2026-09-22 08:20:00,25.0,53.3,正常,模拟
dorm-c,2026-09-22 08:20:00,22.1,59.1,正常,模拟
dorm-a,2026-09-22 08:25:00,22.3,62.4,正常,模拟
dorm-b,2026-09-22 08:25:00,23.6,56.7,正常,模拟
dorm-c,2026-09-22 08:25:00,22.4,56.2,正常,模拟
dorm-a,2026-09-22 08:30:00,23.1,63.7,正常,模拟
dorm-b,2026-09-22 08:30:00,23.8,62.5,正常,模拟
dorm-c,2026-09-22 08:30:00,23.6,61.5,正常,模拟
dorm-a,2026-09-22 08:35:00,22.0,55.4,正常,模拟
dorm-b,2026-09-22 08:35:00,23.6,52.8,正常,模拟
dorm-c,2026-09-22 08:35:00,22.3,58.0,正常,模拟
dorm-a,2026-09-22 08:40:00,23.3,56.0,正常,模拟
dorm-b,2026-09-22 08:40:00,24.0,55.0,正常,模拟
dorm-c,2026-09-22 08:40:00,23.8,61.5,正常,模拟
dorm-a,2026-09-22 08:45:00,25.0,53.1,正常,模拟
dorm-b,2026-09-22 08:45:00,24.3,58.5,正常,模拟
dorm-c,2026-09-22 08:45:00,22.7,54.6,正常,模拟
dorm-a,2026-09-22 08:50:00,23.1,62.3,正常,模拟
dorm-b,2026-09-22 08:50:00,24.0,56.6,正常,模拟
dorm-c,2026-09-22 08:50:00,23.1,62.7,正常,模拟
dorm-a,2026-09-22 08:55:00,23.1,62.2,正常,模拟
dorm-b,2026-09-22 08:55:00,23.1,62.5,正常,模拟
dorm-c,2026-09-22 08:55:00,23.1,58.7,正常,模拟
dorm-a,2026-09-22 09:00:00,24.5,62.5,正常,模拟
dorm-b,2026-09-22 09:00:00,24.6,55.8,正常,模拟
dorm-c,2026-09-22 09:00:00,22.6,52.3,正常,模拟
dorm-a,2026-09-22 09:05:00,23.5,56.8,正常,模拟
dorm-b,2026-09-22 09:05:00,22.3,62.7,正常,模拟
dorm-c,2026-09-22 09:05:00,23.7,53.3,正常,模拟
dorm-a,2026-09-22 09:10:00,24.8,63.6,正常,模拟
dorm-b,2026-09-22 09:10:00,24.4,63.7,正常,模拟
dorm-c,2026-09-22 09:10:00,24.9,56.9,正常,模拟
dorm-a,2026-09-22 09:15:00,23.4,55.0,正常,模拟
dorm-b,2026-09-22 09:15:00,22.6,57.4,正常,模拟
dorm-c,2026-09-22 09:15:00,24.7,53.6,正常,模拟
dorm-a,2026-09-22 09:20:00,23.3,58.9,正常,模拟
dorm-b,2026-09-22 09:20:00,24.6,63.5,正常,模拟
dorm-c,2026-09-22 09:20:00,22.6,62.5,正常,模拟
dorm-a,2026-09-22 09:25:00,23.1,61.7,正常,模拟
dorm-b,2026-09-22 09:25:00,22.7,58.8,正常,模拟
dorm-c,2026-09-22 09:25:00,22.7,59.9,正常,模拟
dorm-a,2026-09-22 09:30:00,22.5,62.7,正常,模拟
dorm-b,2026-09-22 09:30:00,22.8,60.7,正常,模拟
dorm-c,2026-09-22 09:30:00,23.8,62.8,正常,模拟
dorm-a,2026-09-22 09:35:00,24.6,57.9,正常,模拟
dorm-b,2026-09-22 09:35:00,22.1,56.7,正常,模拟
dorm-c,2026-09-22 09:35:00,22.5,55.3,正常,模拟
dorm-a,2026-09-22 09:40:00,24.3,58.3,正常,模拟
dorm-b,2026-09-22 09:40:00,22.5,54.5,正常,模拟
dorm-c,2026-09-22 09:40:00,22.7,57.0,正常,模拟
dorm-a,2026-09-22 09:45:00,23.1,63.1,正常,模拟
dorm-b,2026-09-22 09:45:00,23.7,58.2,正常,模拟
dorm-c,2026-09-22 09:45:00,22.2,61.4,正常,模拟
dorm-a,2026-09-22 09:50:00,23.9,63.8,正常,模拟
dorm-b,2026-09-22 09:50:00,22.1,54.6,正常,模拟
dorm-c,2026-09-22 09:50:00,22.7,62.1,正常,模拟
dorm-a,2026-09-22 09:55:00,22.2,53.9,正常,模拟
dorm-b,2026-09-22 09:55:00,23.6,54.6,正常,模拟
dorm-c,2026-09-22 09:55:00,22.2,57.1,正常,模拟
dorm-a,2026-09-22 10:00:00,22.5,53.8,正常,模拟
dorm-b,2026-09-22 10:00:00,23.3,54.6,正常,模拟
dorm-c,2026-09-22 10:00:00,22.8,56.6,正常,模拟
dorm-a,2026-09-22 10:05:00,23.4,57.1,正常,模拟
dorm-b,2026-09-22 10:05:00,23.4,59.6,正常,模拟
dorm-c,2026-09-22 10:05:00,22.3,61.2,正常,模拟
dorm-a,2026-09-22 10:10:00,24.1,63.3,正常,模拟
dorm-b,2026-09-22 10:10:00,24.9,59.5,正常,模拟
dorm-c,2026-09-22 10:10:00,22.2,59.3,正常,模拟
dorm-a,2026-09-22 10:15:00,23.0,54.8,正常,模拟
dorm-b,2026-09-22 10:15:00,24.0,60.9,正常,模拟
dorm-c,2026-09-22 10:15:00,24.1,52.1,正常,模拟
dorm-a,2026-09-22 10:20:00,24.4,61.8,正常,模拟
dorm-b,2026-09-22 10:20:00,22.3,63.9,正常,模拟
dorm-c,2026-09-22 10:20:00,24.8,54.2,正常,模拟
dorm-a,2026-09-22 10:25:00,23.4,63.8,正常,模拟
dorm-b,2026-09-22 10:25:00,24.1,55.5,正常,模拟
dorm-c,2026-09-22 10:25:00,22.3,57.1,正常,模拟
dorm-a,2026-09-22 10:30:00,23.9,55.1,正常,模拟
dorm-b,2026-09-22 10:30:00,23.4,60.1,正常,模拟
dorm-c,2026-09-22 10:30:00,23.3,63.7,正常,模拟
dorm-a,2026-09-22 10:35:00,23.5,53.8,正常,模拟
dorm-b,2026-09-22 10:35:00,22.3,52.9,正常,模拟
dorm-c,2026-09-22 10:35:00,22.7,56.8,正常,模拟
dorm-a,2026-09-22 10:40:00,23.1,61.9,正常,模拟
dorm-b,2026-09-22 10:40:00,24.8,56.4,正常,模拟
dorm-c,2026-09-22 10:40:00,23.2,61.8,正常,模拟
dorm-a,2026-09-22 10:45:00,24.5,61.3,正常,模拟
dorm-b,2026-09-22 10:45:00,23.8,61.2,正常,模拟
dorm-c,2026-09-22 10:45:00,22.7,57.2,正常,模拟
dorm-a,2026-09-22 10:50:00,22.3,53.0,正常,模拟
dorm-b,2026-09-22 10:50:00,23.1,56.5,正常,模拟
dorm-c,2026-09-22 10:50:00,24.7,53.1,正常,模拟
dorm-a,2026-09-22 10:55:00,22.5,63.8,正常,模拟
dorm-b,2026-09-22 10:55:00,24.9,57.0,正常,模拟
dorm-c,2026-09-22 10:55:00,24.8,53.0,正常,模拟
dorm-a,2026-09-22 11:00:00,22.3,60.2,正常,模拟
dorm-b,2026-09-22 11:00:00,23.9,59.1,正常,模拟
dorm-c,2026-09-22 11:00:00,23.5,57.3,正常,模拟
dorm-a,2026-09-22 11:05:00,23.4,58.5,正常,模拟
dorm-b,2026-09-22 11:05:00,22.8,56.0,正常,模拟
dorm-c,2026-09-22 11:05:00,23.4,55.6,正常,模拟
dorm-a,2026-09-22 11:10:00,23.5,57.7,正常,模拟
dorm-b,2026-09-22 11:10:00,24.1,55.4,正常,模拟
dorm-c,2026-09-22 11:10:00,23.2,60.9,正常,模拟
dorm-a,2026-09-22 11:15:00,22.9,54.4,正常,模拟
dorm-b,2026-09-22 11:15:00,23.0,59.8,正常,模拟
dorm-c,2026-09-22 11:15:00,22.6,58.3,正常,模拟
dorm-a,2026-09-22 11:20:00,24.5,63.6,正常,模拟
dorm-b,2026-09-22 11:20:00,22.5,61.3,正常,模拟
dorm-c,2026-09-22 11:20:00,25.0,54.5,正常,模拟
dorm-a,2026-09-22 11:25:00,22.5,55.9,正常,模拟
dorm-b,2026-09-22 11:25:00,24.7,54.1,正常,模拟
dorm-c,2026-09-22 11:25:00,24.4,62.5,正常,模拟
dorm-a,2026-09-22 11:30:00,23.1,62.5,正常,模拟
dorm-b,2026-09-22 11:30:00,24.4,60.2,正常,模拟
dorm-c,2026-09-22 11:30:00,23.0,57.1,正常,模拟
dorm-a,2026-09-22 11:35:00,24.5,63.1,正常,模拟
dorm-b,2026-09-22 11:35:00,24.4,59.1,正常,模拟
dorm-c,2026-09-22 11:35:00,22.5,53.0,正常,模拟
dorm-a,2026-09-22 11:40:00,23.8,59.9,正常,模拟
dorm-b,2026-09-22 11:40:00,23.9,60.2,正常,模拟
dorm-c,2026-09-22 11:40:00,23.5,58.3,正常,模拟
dorm-a,2026-09-22 11:45:00,22.8,57.0,正常,模拟
dorm-b,2026-09-22 11:45:00,23.5,54.5,正常,模拟
dorm-c,2026-09-22 11:45:00,23.2,62.1,正常,模拟
dorm-a,2026-09-22 11:50:00,23.8,52.9,正常,模拟
dorm-b,2026-09-22 11:50:00,23.4,55.4,正常,模拟
dorm-c,2026-09-22 11:50:00,23.6,61.0,正常,模拟
dorm-a,2026-09-22 11:55:00,22.7,62.4,正常,模拟
dorm-b,2026-09-22 11:55:00,23.3,60.0,正常,模拟
dorm-c,2026-09-22 11:55:00,22.6,57.6,正常,模拟
dorm-a,2026-09-22 12:00:00,22.6,52.9,正常,模拟
dorm-b,2026-09-22 12:00:00,24.0,57.1,正常,模拟
dorm-c,2026-09-22 12:00:00,24.7,60.4,正常,模拟
dorm-a,2026-09-22 12:05:00,22.3,54.1,正常,模拟
dorm-b,2026-09-22 12:05:00,22.4,58.2,正常,模拟
dorm-c,2026-09-22 12:05:00,23.9,57.2,正常,模拟
dorm-a,2026-09-22 12:10:00,22.4,56.6,正常,模拟
dorm-b,2026-09-22 12:10:00,23.4,61.4,正常,模拟
dorm-c,2026-09-22 12:10:00,23.0,63.7,正常,模拟
dorm-a,2026-09-22 12:15:00,22.3,58.0,正常,模拟
dorm-b,2026-09-22 12:15:00,22.3,63.4,正常,模拟
dorm-c,2026-09-22 12:15:00,23.1,52.2,正常,模拟
dorm-a,2026-09-22 12:20:00,23.2,54.5,正常,模拟
dorm-b,2026-09-22 12:20:00,24.6,56.1,正常,模拟
dorm-c,2026-09-22 12:20:00,24.0,61.5,正常,模拟
dorm-a,2026-09-22 12:25:00,22.2,58.5,正常,模拟
dorm-b,2026-09-22 12:25:00,23.7,57.6,正常,模拟
dorm-c,2026-09-22 12:25:00,22.2,61.3,正常,模拟
dorm-a,2026-09-22 12:30:00,23.2,63.4,正常,模拟
dorm-b,2026-09-22 12:30:00,22.1,52.8,正常,模拟
dorm-c,2026-09-22 12:30:00,24.3,61.2,正常,模拟
dorm-a,2026-09-22 12:35:00,23.0,56.0,正常,模拟
dorm-b,2026-09-22 12:35:00,23.6,53.1,正常,模拟
dorm-c,2026-09-22 12:35:00,23.7,62.2,正常,模拟
dorm-a,2026-09-22 12:40:00,22.1,55.0,正常,模拟
dorm-b,2026-09-22 12:40:00,22.7,57.5,正常,模拟
dorm-c,2026-09-22 12:40:00,24.4,59.9,正常,模拟
dorm-a,2026-09-22 12:45:00,22.3,53.4,正常,模拟
dorm-b,2026-09-22 12:45:00,24.2,60.9,正常,模拟
dorm-c,2026-09-22 12:45:00,22.9,60.3,正常,模拟
dorm-a,2026-09-22 12:50:00,23.2,60.2,正常,模拟
dorm-b,2026-09-22 12:50:00,22.7,62.4,正常,模拟
dorm-c,2026-09-22 12:50:00,23.6,56.3,正常,模拟
dorm-a,2026-09-22 12:55:00,23.3,54.9,正常,模拟
dorm-b,2026-09-22 12:55:00,22.4,52.3,正常,模拟
dorm-c,2026-09-22 12:55:00,22.6,55.9,正常,模拟
dorm-a,2026-09-22 13:00:00,24.9,56.3,正常,模拟
dorm-b,2026-09-22 13:00:00,22.6,60.9,正常,模拟
dorm-c,2026-09-22 13:00:00,24.6,61.3,正常,模拟
dorm-a,2026-09-22 13:05:00,22.1,59.6,正常,模拟
dorm-b,2026-09-22 13:05:00,24.5,53.1,正常,模拟
dorm-c,2026-09-22 13:05:00,23.0,52.3,正常,模拟
dorm-a,2026-09-22 13:10:00,23.0,63.3,正常,模拟
dorm-b,2026-09-22 13:10:00,23.3,62.8,正常,模拟
dorm-c,2026-09-22 13:10:00,23.8,63.1,正常,模拟
dorm-a,2026-09-22 13:15:00,23.9,61.9,正常,模拟
dorm-b,2026-09-22 13:15:00,24.3,60.3,正常,模拟
dorm-c,2026-09-22 13:15:00,23.4,61.5,正常,模拟
dorm-a,2026-09-22 13:20:00,24.4,53.9,正常,模拟
dorm-b,2026-09-22 13:20:00,24.3,63.7,正常,模拟
dorm-c,2026-09-22 13:20:00,22.7,59.3,正常,模拟
dorm-a,2026-09-22 13:25:00,22.4,52.2,正常,模拟
dorm-b,2026-09-22 13:25:00,23.9,55.5,正常,模拟
dorm-c,2026-09-22 13:25:00,22.3,62.0,正常,模拟
dorm-a,2026-09-22 13:30:00,24.1,60.1,正常,模拟
dorm-b,2026-09-22 13:30:00,24.0,63.1,正常,模拟
dorm-c,2026-09-22 13:30:00,23.9,54.3,正常,模拟
dorm-a,2026-09-22 13:35:00,22.8,56.1,正常,模拟
dorm-b,2026-09-22 13:35:00,22.9,61.1,正常,模拟
dorm-c,2026-09-22 13:35:00,22.7,58.3,正常,模拟
dorm-a,2026-09-22 13:40:00,22.6,54.4,正常,模拟
dorm-b,2026-09-22 13:40:00,24.3,63.3,正常,模拟
dorm-c,2026-09-22 13:40:00,24.2,59.5,正常,模拟
dorm-a,2026-09-22 13:45:00,23.6,55.4,正常,模拟
dorm-b,2026-09-22 13:45:00,22.8,62.9,正常,模拟
dorm-c,2026-09-22 13:45:00,23.3,57.1,正常,模拟
dorm-a,2026-09-22 13:50:00,23.3,55.2,正常,模拟
dorm-b,2026-09-22 13:50:00,23.5,61.5,正常,模拟
dorm-c,2026-09-22 13:50:00,22.8,56.3,正常,模拟
dorm-a,2026-09-22 13:55:00,23.2,57.4,正常,模拟
dorm-b,2026-09-22 13:55:00,24.9,56.8,正常,模拟
dorm-c,2026-09-22 13:55:00,23.3,59.5,正常,模拟
dorm-a,2026-09-22 14:00:00,24.2,52.9,正常,模拟
dorm-b,2026-09-22 14:00:00,24.6,59.5,正常,模拟
dorm-c,2026-09-22 14:00:00,25.0,55.9,正常,模拟
dorm-a,2026-09-22 14:05:00,23.3,56.0,正常,模拟
dorm-b,2026-09-22 14:05:00,22.9,63.5,正常,模拟
dorm-c,2026-09-22 14:05:00,24.6,55.6,正常,模拟
dorm-a,2026-09-22 14:10:00,24.1,56.5,正常,模拟
dorm-b,2026-09-22 14:10:00,31.8,55.5,偏热,模拟
dorm-c,2026-09-22 14:10:00,24.1,54.2,正常,模拟
dorm-a,2026-09-22 14:15:00,24.7,62.7,正常,模拟
dorm-b,2026-09-22 14:15:00,32.0,52.4,偏热,模拟
dorm-c,2026-09-22 14:15:00,22.4,58.1,正常,模拟
dorm-a,2026-09-22 14:20:00,22.9,54.3,正常,模拟
dorm-b,2026-09-22 14:20:00,31.4,59.0,偏热,模拟
dorm-c,2026-09-22 14:20:00,24.4,62.0,正常,模拟
dorm-a,2026-09-22 14:25:00,22.9,61.6,正常,模拟
dorm-b,2026-09-22 14:25:00,32.8,53.4,偏热,模拟
dorm-c,2026-09-22 14:25:00,24.8,57.9,正常,模拟
dorm-a,2026-09-22 14:30:00,22.8,55.5,正常,模拟
dorm-b,2026-09-22 14:30:00,31.6,59.3,偏热,模拟
dorm-c,2026-09-22 14:30:00,23.7,55.8,正常,模拟
dorm-a,2026-09-22 14:35:00,22.5,58.3,正常,模拟
dorm-b,2026-09-22 14:35:00,31.6,60.3,偏热,模拟
dorm-c,2026-09-22 14:35:00,22.2,61.0,正常,模拟
dorm-a,2026-09-22 14:40:00,24.2,53.0,正常,模拟
dorm-b,2026-09-22 14:40:00,31.6,56.5,偏热,模拟
dorm-c,2026-09-22 14:40:00,24.6,55.2,正常,模拟
dorm-a,2026-09-22 14:45:00,23.5,52.0,正常,模拟
dorm-b,2026-09-22 14:45:00,32.1,63.7,偏热,模拟
dorm-c,2026-09-22 14:45:00,25.0,63.1,正常,模拟
dorm-a,2026-09-22 14:50:00,24.2,62.2,正常,模拟
dorm-b,2026-09-22 14:50:00,32.3,59.4,偏热,模拟
dorm-c,2026-09-22 14:50:00,24.9,53.5,正常,模拟
dorm-a,2026-09-22 14:55:00,24.2,59.1,正常,模拟
dorm-b,2026-09-22 14:55:00,24.5,52.0,正常,模拟
dorm-c,2026-09-22 14:55:00,22.3,63.7,正常,模拟
dorm-a,2026-09-22 15:00:00,24.5,57.0,正常,模拟
dorm-b,2026-09-22 15:00:00,24.1,52.3,正常,模拟
dorm-c,2026-09-22 15:00:00,23.0,62.8,正常,模拟
dorm-a,2026-09-22 15:05:00,23.9,55.9,正常,模拟
dorm-b,2026-09-22 15:05:00,22.5,57.0,正常,模拟
dorm-c,2026-09-22 15:05:00,23.2,53.8,正常,模拟
dorm-a,2026-09-22 15:10:00,23.2,53.7,正常,模拟
dorm-b,2026-09-22 15:10:00,24.2,61.4,正常,模拟
dorm-c,2026-09-22 15:10:00,22.3,58.3,正常,模拟
dorm-a,2026-09-22 15:15:00,22.4,59.8,正常,模拟
dorm-b,2026-09-22 15:15:00,22.5,63.3,正常,模拟
dorm-c,2026-09-22 15:15:00,23.8,59.5,正常,模拟
dorm-a,2026-09-22 15:20:00,24.0,59.9,正常,模拟
dorm-b,2026-09-22 15:20:00,22.0,58.5,正常,模拟
dorm-c,2026-09-22 15:20:00,24.5,53.2,正常,模拟
dorm-a,2026-09-22 15:25:00,24.5,54.6,正常,模拟
dorm-b,2026-09-22 15:25:00,24.1,62.3,正常,模拟
dorm-c,2026-09-22 15:25:00,22.1,53.5,正常,模拟
dorm-a,2026-09-22 15:30:00,22.0,56.7,正常,模拟
dorm-b,2026-09-22 15:30:00,22.0,53.3,正常,模拟
dorm-c,2026-09-22 15:30:00,23.1,62.0,正常,模拟
dorm-a,2026-09-22 15:35:00,23.9,60.4,正常,模拟
dorm-b,2026-09-22 15:35:00,23.7,54.1,正常,模拟
dorm-c,2026-09-22 15:35:00,24.3,56.7,正常,模拟
dorm-a,2026-09-22 15:40:00,24.5,58.6,正常,模拟
dorm-b,2026-09-22 15:40:00,24.8,57.1,正常,模拟
dorm-c,2026-09-22 15:40:00,24.2,55.3,正常,模拟
dorm-a,2026-09-22 15:45:00,24.9,61.2,正常,模拟
dorm-b,2026-09-22 15:45:00,25.0,55.6,正常,模拟
dorm-c,2026-09-22 15:45:00,24.2,62.1,正常,模拟
dorm-a,2026-09-22 15:50:00,24.8,54.7,正常,模拟
dorm-b,2026-09-22 15:50:00,22.8,60.7,正常,模拟
dorm-c,2026-09-22 15:50:00,23.3,60.1,正常,模拟
dorm-a,2026-09-22 15:55:00,24.7,54.9,正常,模拟
dorm-b,2026-09-22 15:55:00,23.3,54.3,正常,模拟
dorm-c,2026-09-22 15:55:00,24.6,54.6,正常,模拟
dorm-a,2026-09-22 16:00:00,23.1,60.3,正常,模拟
dorm-b,2026-09-22 16:00:00,24.1,62.8,正常,模拟
dorm-c,2026-09-22 16:00:00,22.8,55.4,正常,模拟
dorm-a,2026-09-22 16:05:00,22.4,61.1,正常,模拟
dorm-b,2026-09-22 16:05:00,22.1,63.8,正常,模拟
dorm-c,2026-09-22 16:05:00,22.7,57.9,正常,模拟
dorm-a,2026-09-22 16:10:00,23.5,62.4,正常,模拟
dorm-b,2026-09-22 16:10:00,22.7,61.5,正常,模拟
dorm-c,2026-09-22 16:10:00,22.1,62.1,正常,模拟
dorm-a,2026-09-22 16:15:00,23.7,57.8,正常,模拟
dorm-b,2026-09-22 16:15:00,24.8,58.5,正常,模拟
dorm-c,2026-09-22 16:15:00,24.1,56.6,正常,模拟
dorm-a,2026-09-22 16:20:00,22.9,54.8,正常,模拟
dorm-b,2026-09-22 16:20:00,22.9,54.0,正常,模拟
dorm-c,2026-09-22 16:20:00,22.6,52.8,正常,模拟
dorm-a,2026-09-22 16:25:00,24.3,61.4,正常,模拟
dorm-b,2026-09-22 16:25:00,23.9,54.9,正常,模拟
dorm-c,2026-09-22 16:25:00,22.5,54.2,正常,模拟
dorm-a,2026-09-22 16:30:00,23.7,61.5,正常,模拟
dorm-b,2026-09-22 16:30:00,22.9,58.7,正常,模拟
dorm-c,2026-09-22 16:30:00,23.0,63.9,正常,模拟
dorm-a,2026-09-22 16:35:00,24.7,62.8,正常,模拟
dorm-b,2026-09-22 16:35:00,22.9,62.2,正常,模拟
dorm-c,2026-09-22 16:35:00,24.4,62.3,正常,模拟
dorm-a,2026-09-22 16:40:00,24.9,58.1,正常,模拟
dorm-b,2026-09-22 16:40:00,22.6,52.1,正常,模拟
dorm-c,2026-09-22 16:40:00,24.9,58.1,正常,模拟
dorm-a,2026-09-22 16:45:00,24.0,52.7,正常,模拟
dorm-b,2026-09-22 16:45:00,24.7,62.2,正常,模拟
dorm-c,2026-09-22 16:45:00,22.9,58.4,正常,模拟
dorm-a,2026-09-22 16:50:00,22.7,54.4,正常,模拟
dorm-b,2026-09-22 16:50:00,24.4,54.0,正常,模拟
dorm-c,2026-09-22 16:50:00,23.0,61.5,正常,模拟
dorm-a,2026-09-22 16:55:00,22.1,57.0,正常,模拟
dorm-b,2026-09-22 16:55:00,22.1,56.6,正常,模拟
dorm-c,2026-09-22 16:55:00,24.5,62.6,正常,模拟
dorm-a,2026-09-22 17:00:00,23.9,58.3,正常,模拟
dorm-b,2026-09-22 17:00:00,24.6,62.6,正常,模拟
dorm-c,2026-09-22 17:00:00,24.3,59.7,正常,模拟
dorm-a,2026-09-22 17:05:00,24.7,53.1,正常,模拟
dorm-b,2026-09-22 17:05:00,24.8,53.0,正常,模拟
dorm-c,2026-09-22 17:05:00,24.0,54.7,正常,模拟
dorm-a,2026-09-22 17:10:00,24.5,55.8,正常,模拟
dorm-b,2026-09-22 17:10:00,23.2,57.3,正常,模拟
dorm-c,2026-09-22 17:10:00,24.5,62.1,正常,模拟
dorm-a,2026-09-22 17:15:00,24.2,59.1,正常,模拟
dorm-b,2026-09-22 17:15:00,23.2,52.2,正常,模拟
dorm-c,2026-09-22 17:15:00,24.2,57.6,正常,模拟
dorm-a,2026-09-22 17:20:00,22.2,57.4,正常,模拟
dorm-b,2026-09-22 17:20:00,24.5,61.1,正常,模拟
dorm-c,2026-09-22 17:20:00,24.6,55.3,正常,模拟
dorm-a,2026-09-22 17:25:00,23.9,53.4,正常,模拟
dorm-b,2026-09-22 17:25:00,22.9,55.7,正常,模拟
dorm-c,2026-09-22 17:25:00,24.4,62.9,正常,模拟
dorm-a,2026-09-22 17:30:00,23.8,53.2,正常,模拟
dorm-b,2026-09-22 17:30:00,23.4,54.7,正常,模拟
dorm-c,2026-09-22 17:30:00,24.2,58.4,正常,模拟
dorm-a,2026-09-22 17:35:00,24.0,55.0,正常,模拟
dorm-b,2026-09-22 17:35:00,24.1,61.7,正常,模拟
dorm-c,2026-09-22 17:35:00,23.5,58.4,正常,模拟
dorm-a,2026-09-22 17:40:00,23.2,55.7,正常,模拟
dorm-b,2026-09-22 17:40:00,23.4,60.2,正常,模拟
dorm-c,2026-09-22 17:40:00,22.1,58.9,正常,模拟
dorm-a,2026-09-22 17:45:00,22.3,62.2,正常,模拟
dorm-b,2026-09-22 17:45:00,24.1,56.3,正常,模拟
dorm-c,2026-09-22 17:45:00,23.3,53.0,正常,模拟
dorm-a,2026-09-22 17:50:00,22.2,54.0,正常,模拟
dorm-b,2026-09-22 17:50:00,23.3,63.7,正常,模拟
dorm-c,2026-09-22 17:50:00,22.4,63.6,正常,模拟
dorm-a,2026-09-22 17:55:00,24.3,60.0,正常,模拟
dorm-b,2026-09-22 17:55:00,22.8,55.6,正常,模拟
dorm-c,2026-09-22 17:55:00,23.3,61.2,正常,模拟
dorm-a,2026-09-22 18:00:00,22.0,53.7,正常,模拟
dorm-b,2026-09-22 18:00:00,24.9,58.5,正常,模拟
dorm-c,2026-09-22 18:00:00,24.3,53.1,正常,模拟
dorm-a,2026-09-22 18:05:00,22.7,55.4,正常,模拟
dorm-b,2026-09-22 18:05:00,24.1,56.4,正常,模拟
dorm-c,2026-09-22 18:05:00,24.0,62.6,正常,模拟
dorm-a,2026-09-22 18:10:00,23.1,59.0,正常,模拟
dorm-b,2026-09-22 18:10:00,24.9,57.6,正常,模拟
dorm-c,2026-09-22 18:10:00,23.9,57.6,正常,模拟
dorm-a,2026-09-22 18:15:00,22.2,59.9,正常,模拟
dorm-b,2026-09-22 18:15:00,24.8,53.1,正常,模拟
dorm-c,2026-09-22 18:15:00,23.4,56.4,正常,模拟
dorm-a,2026-09-22 18:20:00,23.5,54.3,正常,模拟
dorm-b,2026-09-22 18:20:00,24.2,61.0,正常,模拟
dorm-c,2026-09-22 18:20:00,24.6,56.4,正常,模拟
dorm-a,2026-09-22 18:25:00,24.8,54.0,正常,模拟
dorm-b,2026-09-22 18:25:00,24.1,61.5,正常,模拟
dorm-c,2026-09-22 18:25:00,22.9,57.9,正常,模拟
dorm-a,2026-09-22 18:30:00,23.6,62.1,正常,模拟
dorm-b,2026-09-22 18:30:00,25.0,61.5,正常,模拟
dorm-c,2026-09-22 18:30:00,22.5,62.6,正常,模拟
dorm-a,2026-09-22 18:35:00,23.1,59.5,正常,模拟
dorm-b,2026-09-22 18:35:00,24.8,56.2,正常,模拟
dorm-c,2026-09-22 18:35:00,24.1,52.4,正常,模拟
dorm-a,2026-09-22 18:40:00,23.6,58.8,正常,模拟
dorm-b,2026-09-22 18:40:00,23.1,55.5,正常,模拟
dorm-c,2026-09-22 18:40:00,23.2,60.1,正常,模拟
dorm-a,2026-09-22 18:45:00,23.6,56.8,正常,模拟
dorm-b,2026-09-22 18:45:00,23.4,53.8,正常,模拟
dorm-c,2026-09-22 18:45:00,23.7,60.7,正常,模拟
dorm-a,2026-09-22 18:50:00,24.9,62.9,正常,模拟
dorm-b,2026-09-22 18:50:00,24.9,54.4,正常,模拟
dorm-c,2026-09-22 18:50:00,24.5,59.4,正常,模拟
dorm-a,2026-09-22 18:55:00,23.6,60.1,正常,模拟
dorm-b,2026-09-22 18:55:00,23.9,57.9,正常,模拟
dorm-c,2026-09-22 18:55:00,23.7,56.5,正常,模拟
dorm-a,2026-09-22 19:00:00,23.6,59.5,正常,模拟
dorm-b,2026-09-22 19:00:00,23.3,54.1,正常,模拟
dorm-c,2026-09-22 19:00:00,23.8,57.1,正常,模拟
dorm-a,2026-09-22 19:05:00,23.7,57.1,正常,模拟
dorm-b,2026-09-22 19:05:00,24.3,56.1,正常,模拟
dorm-c,2026-09-22 19:05:00,25.0,59.3,正常,模拟
dorm-a,2026-09-22 19:10:00,24.2,62.9,正常,模拟
dorm-b,2026-09-22 19:10:00,23.7,59.1,正常,模拟
dorm-c,2026-09-22 19:10:00,24.1,58.3,正常,模拟
dorm-a,2026-09-22 19:15:00,24.9,58.7,正常,模拟
dorm-b,2026-09-22 19:15:00,23.1,54.1,正常,模拟
dorm-c,2026-09-22 19:15:00,24.5,52.7,正常,模拟
dorm-a,2026-09-22 19:20:00,22.2,52.9,正常,模拟
dorm-b,2026-09-22 19:20:00,24.1,53.5,正常,模拟
dorm-c,2026-09-22 19:20:00,24.1,52.5,正常,模拟
dorm-a,2026-09-22 19:25:00,22.8,57.8,正常,模拟
dorm-b,2026-09-22 19:25:00,24.1,63.5,正常,模拟
dorm-c,2026-09-22 19:25:00,24.0,58.3,正常,模拟
dorm-a,2026-09-22 19:30:00,22.1,58.3,正常,模拟
dorm-b,2026-09-22 19:30:00,23.3,58.3,正常,模拟
dorm-c,2026-09-22 19:30:00,22.9,57.5,正常,模拟
dorm-a,2026-09-22 19:35:00,24.6,58.6,正常,模拟
dorm-b,2026-09-22 19:35:00,23.6,59.0,正常,模拟
dorm-c,2026-09-22 19:35:00,24.2,63.3,正常,模拟
dorm-a,2026-09-22 19:40:00,23.2,55.6,正常,模拟
dorm-b,2026-09-22 19:40:00,23.1,62.8,正常,模拟
dorm-c,2026-09-22 19:40:00,23.3,57.5,正常,模拟
dorm-a,2026-09-22 19:45:00,24.3,55.7,正常,模拟
dorm-b,2026-09-22 19:45:00,23.1,60.4,正常,模拟
dorm-c,2026-09-22 19:45:00,22.0,63.4,正常,模拟
dorm-a,2026-09-22 19:50:00,24.9,59.2,正常,模拟
dorm-b,2026-09-22 19:50:00,23.1,52.4,正常,模拟
dorm-c,2026-09-22 19:50:00,24.5,53.2,正常,模拟
dorm-a,2026-09-22 19:55:00,24.2,62.2,正常,模拟
dorm-b,2026-09-22 19:55:00,23.9,59.6,正常,模拟
dorm-c,2026-09-22 19:55:00,24.4,62.4,正常,模拟
dorm-a,2026-09-22 20:00:00,24.0,57.8,正常,模拟
dorm-b,2026-09-22 20:00:00,23.5,60.3,正常,模拟
dorm-c,2026-09-22 20:00:00,22.9,61.8,正常,模拟
dorm-a,2026-09-22 20:05:00,24.0,62.5,正常,模拟
dorm-b,2026-09-22 20:05:00,22.3,52.9,正常,模拟
dorm-c,2026-09-22 20:05:00,23.8,63.9,正常,模拟
dorm-a,2026-09-22 20:10:00,24.7,61.2,正常,模拟
dorm-b,2026-09-22 20:10:00,23.4,53.6,正常,模拟
dorm-c,2026-09-22 20:10:00,23.4,63.5,正常,模拟
dorm-a,2026-09-22 20:15:00,23.0,53.8,正常,模拟
dorm-b,2026-09-22 20:15:00,22.3,59.8,正常,模拟
dorm-c,2026-09-22 20:15:00,23.6,62.0,正常,模拟
dorm-a,2026-09-22 20:20:00,22.9,58.5,正常,模拟
dorm-b,2026-09-22 20:20:00,22.4,62.4,正常,模拟
dorm-c,2026-09-22 20:20:00,22.3,61.4,正常,模拟
dorm-a,2026-09-22 20:25:00,23.1,59.0,正常,模拟
dorm-b,2026-09-22 20:25:00,22.2,58.2,正常,模拟
dorm-c,2026-09-22 20:25:00,23.0,60.3,正常,模拟
dorm-a,2026-09-22 20:30:00,24.6,62.3,正常,模拟
dorm-b,2026-09-22 20:30:00,23.8,57.4,正常,模拟
dorm-c,2026-09-22 20:30:00,23.3,63.1,正常,模拟
dorm-a,2026-09-22 20:35:00,24.5,62.6,正常,模拟
dorm-b,2026-09-22 20:35:00,24.8,57.1,正常,模拟
dorm-c,2026-09-22 20:35:00,24.0,61.4,正常,模拟
dorm-a,2026-09-22 20:40:00,24.1,62.4,正常,模拟
dorm-b,2026-09-22 20:40:00,22.5,54.4,正常,模拟
dorm-c,2026-09-22 20:40:00,24.7,56.8,正常,模拟
dorm-a,2026-09-22 20:45:00,23.4,56.1,正常,模拟
dorm-b,2026-09-22 20:45:00,22.3,62.8,正常,模拟
dorm-c,2026-09-22 20:45:00,22.0,55.9,正常,模拟
dorm-a,2026-09-22 20:50:00,22.5,55.7,正常,模拟
dorm-b,2026-09-22 20:50:00,22.4,58.9,正常,模拟
dorm-c,2026-09-22 20:50:00,24.4,59.0,正常,模拟
dorm-a,2026-09-22 20:55:00,22.4,58.1,正常,模拟
dorm-b,2026-09-22 20:55:00,22.1,53.2,正常,模拟
dorm-c,2026-09-22 20:55:00,22.1,62.3,正常,模拟
dorm-a,2026-09-22 21:00:00,23.6,55.4,正常,模拟
dorm-b,2026-09-22 21:00:00,24.5,58.1,正常,模拟
dorm-c,2026-09-22 21:00:00,23.1,62.7,正常,模拟
dorm-a,2026-09-22 21:05:00,24.6,53.4,正常,模拟
dorm-b,2026-09-22 21:05:00,22.5,59.0,正常,模拟
dorm-c,2026-09-22 21:05:00,22.4,58.5,正常,模拟
dorm-a,2026-09-22 21:10:00,22.3,63.9,正常,模拟
dorm-b,2026-09-22 21:10:00,24.6,54.3,正常,模拟
dorm-c,2026-09-22 21:10:00,24.4,52.6,正常,模拟
dorm-a,2026-09-22 21:15:00,23.8,58.7,正常,模拟
dorm-b,2026-09-22 21:15:00,22.3,53.2,正常,模拟
dorm-c,2026-09-22 21:15:00,25.0,55.3,正常,模拟
dorm-a,2026-09-22 21:20:00,24.1,56.3,正常,模拟
dorm-b,2026-09-22 21:20:00,22.8,63.3,正常,模拟
dorm-c,2026-09-22 21:20:00,23.2,61.1,正常,模拟
dorm-a,2026-09-22 21:25:00,24.1,60.0,正常,模拟
dorm-b,2026-09-22 21:25:00,22.3,53.9,正常,模拟
dorm-c,2026-09-22 21:25:00,23.8,61.4,正常,模拟
dorm-a,2026-09-22 21:30:00,23.6,61.3,正常,模拟
dorm-b,2026-09-22 21:30:00,22.3,62.3,正常,模拟
dorm-c,2026-09-22 21:30:00,24.2,79.4,偏湿,模拟
dorm-a,2026-09-22 21:35:00,22.4,62.2,正常,模拟
dorm-b,2026-09-22 21:35:00,23.9,57.4,正常,模拟
dorm-c,2026-09-22 21:35:00,25.2,81.3,偏湿,模拟
dorm-a,2026-09-22 21:40:00,23.0,56.4,正常,模拟
dorm-b,2026-09-22 21:40:00,22.4,63.1,正常,模拟
dorm-c,2026-09-22 21:40:00,25.1,82.4,偏湿,模拟
dorm-a,2026-09-22 21:45:00,24.2,55.3,正常,模拟
dorm-b,2026-09-22 21:45:00,23.2,61.9,正常,模拟
dorm-c,2026-09-22 21:45:00,25.8,82.8,偏湿,模拟
dorm-a,2026-09-22 21:50:00,23.6,55.4,正常,模拟
dorm-b,2026-09-22 21:50:00,24.6,55.6,正常,模拟
dorm-c,2026-09-22 21:50:00,24.8,84.0,偏湿,模拟
dorm-a,2026-09-22 21:55:00,24.9,57.6,正常,模拟
dorm-b,2026-09-22 21:55:00,23.5,55.7,正常,模拟
dorm-c,2026-09-22 21:55:00,24.1,82.9,偏湿,模拟
dorm-a,2026-09-22 22:00:00,22.5,59.0,正常,模拟
dorm-b,2026-09-22 22:00:00,24.0,61.1,正常,模拟
dorm-c,2026-09-22 22:00:00,24.8,83.7,偏湿,模拟
dorm-a,2026-09-22 22:05:00,22.1,61.2,正常,模拟
dorm-b,2026-09-22 22:05:00,22.8,56.5,正常,模拟
dorm-c,2026-09-22 22:05:00,24.6,85.8,偏湿,模拟
dorm-a,2026-09-22 22:10:00,25.0,52.3,正常,模拟
dorm-b,2026-09-22 22:10:00,23.3,63.8,正常,模拟
dorm-c,2026-09-22 22:10:00,24.8,78.8,偏湿,模拟
dorm-a,2026-09-22 22:15:00,22.3,52.7,正常,模拟
dorm-b,2026-09-22 22:15:00,22.5,62.6,正常,模拟
dorm-c,2026-09-22 22:15:00,24.6,85.1,偏湿,模拟
dorm-a,2026-09-22 22:20:00,23.7,61.3,正常,模拟
dorm-b,2026-09-22 22:20:00,24.5,58.8,正常,模拟
dorm-c,2026-09-22 22:20:00,25.4,81.7,偏湿,模拟
dorm-a,2026-09-22 22:25:00,24.6,56.9,正常,模拟
dorm-b,2026-09-22 22:25:00,22.2,54.0,正常,模拟
dorm-c,2026-09-22 22:25:00,25.9,78.5,偏湿,模拟
dorm-a,2026-09-22 22:30:00,24.3,56.8,正常,模拟
dorm-b,2026-09-22 22:30:00,25.0,52.1,正常,模拟
dorm-c,2026-09-22 22:30:00,25.2,85.5,偏湿,模拟
dorm-a,2026-09-22 22:35:00,23.0,56.1,正常,模拟
dorm-b,2026-09-22 22:35:00,24.8,58.0,正常,模拟
dorm-c,2026-09-22 22:35:00,25.3,78.5,偏湿,模拟
dorm-a,2026-09-22 22:40:00,23.3,60.1,正常,模拟
dorm-b,2026-09-22 22:40:00,23.2,61.8,正常,模拟
dorm-c,2026-09-22 22:40:00,24.1,81.1,偏湿,模拟
dorm-a,2026-09-22 22:45:00,22.6,53.2,正常,模拟
dorm-b,2026-09-22 22:45:00,24.5,61.2,正常,模拟
dorm-c,2026-09-22 22:45:00,25.8,83.1,偏湿,模拟
dorm-a,2026-09-22 22:50:00,22.6,63.4,正常,模拟
dorm-b,2026-09-22 22:50:00,22.4,58.1,正常,模拟
dorm-c,2026-09-22 22:50:00,24.4,80.4,偏湿,模拟
dorm-a,2026-09-22 22:55:00,22.9,55.2,正常,模拟
dorm-b,2026-09-22 22:55:00,22.9,55.5,正常,模拟
dorm-c,2026-09-22 22:55:00,24.9,82.5,偏湿,模拟
dorm-a,2026-09-22 23:00:00,22.8,55.4,正常,模拟
dorm-b,2026-09-22 23:00:00,24.0,58.2,正常,模拟
dorm-c,2026-09-22 23:00:00,25.8,85.6,偏湿,模拟
dorm-a,2026-09-22 23:05:00,22.9,63.3,正常,模拟
dorm-b,2026-09-22 23:05:00,24.9,57.6,正常,模拟
dorm-c,2026-09-22 23:05:00,25.9,84.8,偏湿,模拟
dorm-a,2026-09-22 23:10:00,23.0,59.0,正常,模拟
dorm-b,2026-09-22 23:10:00,23.2,61.5,正常,模拟
dorm-c,2026-09-22 23:10:00,25.3,81.4,偏湿,模拟
dorm-a,2026-09-22 23:15:00,22.9,63.6,正常,模拟
dorm-b,2026-09-22 23:15:00,23.3,58.9,正常,模拟
dorm-c,2026-09-22 23:15:00,24.5,82.0,偏湿,模拟
dorm-a,2026-09-22 23:20:00,24.7,58.0,正常,模拟
dorm-b,2026-09-22 23:20:00,24.9,56.0,正常,模拟
dorm-c,2026-09-22 23:20:00,24.9,79.3,偏湿,模拟
dorm-a,2026-09-22 23:25:00,22.4,52.5,正常,模拟
dorm-b,2026-09-22 23:25:00,22.3,52.3,正常,模拟
dorm-c,2026-09-22 23:25:00,24.6,84.2,偏湿,模拟
dorm-a,2026-09-22 23:30:00,23.6,55.4,正常,模拟
dorm-b,2026-09-22 23:30:00,24.9,60.9,正常,模拟
dorm-c,2026-09-22 23:30:00,25.0,84.9,偏湿,模拟
dorm-a,2026-09-22 23:35:00,23.7,62.6,正常,模拟
dorm-b,2026-09-22 23:35:00,22.7,62.9,正常,模拟
dorm-c,2026-09-22 23:35:00,25.0,79.2,偏湿,模拟
dorm-a,2026-09-22 23:40:00,22.7,60.2,正常,模拟
dorm-b,2026-09-22 23:40:00,23.2,52.3,正常,模拟
dorm-c,2026-09-22 23:40:00,25.3,80.3,偏湿,模拟
dorm-a,2026-09-22 23:45:00,22.6,59.6,正常,模拟
dorm-b,2026-09-22 23:45:00,23.2,57.4,正常,模拟
dorm-c,2026-09-22 23:45:00,24.8,82.3,偏湿,模拟
dorm-a,2026-09-22 23:50:00,24.6,60.4,正常,模拟
dorm-b,2026-09-22 23:50:00,22.6,53.1,正常,模拟
dorm-c,2026-09-22 23:50:00,25.4,82.0,偏湿,模拟
dorm-a,2026-09-22 23:55:00,24.9,63.1,正常,模拟
dorm-b,2026-09-22 23:55:00,22.7,61.5,正常,模拟
dorm-c,2026-09-22 23:55:00,24.5,80.7,偏湿,模拟
